Curs,Tipus d'estudi,Tipus d'universitat,Universitat,Tipus de centre,Nacionalitat,Sexe,Comarca del centre,Nou accés,Matrícula,Matrícula ETC,Titulats
2023,doctorat,PÚBLICA,UAB,Integrat,Espayolas,DONA,Barcelonès,8,40,na,*
2023,doctorat,PÚBLICA,UAB,Integrat,Espayolas,DONA,Tarragonès,0,*,na,0
2023,doctorat,PÚBLICA,UAB,Integrat,Espayolas,DONA,Vallès Occidental,322,1598,na,240
2023,doctorat,PÚBLICA,UAB,Integrat,Espayolas,HOME,Barcelonès,*,12,na,*
2023,doctorat,PÚBLICA,UAB,Integrat,Espayolas,HOME,Vallès Occidental,281,1297,na,173
2023,doctorat,PÚBLICA,UAB,Integrat,Estrangers,DONA,Barcelonès,9,36,na,*
2023,doctorat,PÚBLICA,UAB,Integrat,Estrangers,DONA,Tarragonès,*,5,na,*
2023,doctorat,PÚBLICA,UAB,Integrat,Estrangers,DONA,Vallès Occidental,223,944,na,128
2023,doctorat,PÚBLICA,UAB,Integrat,Estrangers,HOME,Barcelonès,*,10,na,*
2023,doctorat,PÚBLICA,UAB,Integrat,Estrangers,HOME,Vallès Occidental,217,816,na,98
2023,doctorat,PÚBLICA,UB,Adscrit,Espayolas,DONA,Barcelonès,0,*,na,0
2023,doctorat,PÚBLICA,UB,Adscrit,Espayolas,HOME,Barcelonès,0,*,na,0
2023,doctorat,PÚBLICA,UB,Adscrit,Estrangers,DONA,Barcelonès,0,*,na,0
2023,doctorat,PÚBLICA,UB,Integrat,Espayolas,DONA,Barcelonès,437,2052,na,269
2023,doctorat,PÚBLICA,UB,Integrat,Espayolas,DONA,Vallès Occidental,*,14,na,0
2023,doctorat,PÚBLICA,UB,Integrat,Espayolas,HOME,Barcelonès,324,1537,na,233
2023,doctorat,PÚBLICA,UB,Integrat,Espayolas,HOME,Vallès Occidental,*,9,na,*
2023,doctorat,PÚBLICA,UB,Integrat,Estrangers,DONA,Barcelonès,226,1056,na,138
2023,doctorat,PÚBLICA,UB,Integrat,Estrangers,DONA,Vallès Occidental,*,8,na,*
2023,doctorat,PÚBLICA,UB,Integrat,Estrangers,HOME,Barcelonès,192,808,na,95
2023,doctorat,PÚBLICA,UB,Integrat,Estrangers,HOME,Vallès Occidental,*,*,na,0
2023,doctorat,PÚBLICA,UdG,Integrat,Espayolas,DONA,Barcelonès,*,13,na,*
2023,doctorat,PÚBLICA,UdG,Integrat,Espayolas,DONA,Gironès,62,305,na,31
2023,doctorat,PÚBLICA,UdG,Integrat,Espayolas,DONA,Vallès Occidental,*,*,na,0
2023,doctorat,PÚBLICA,UdG,Integrat,Espayolas,HOME,Barcelonès,*,*,na,0
2023,doctorat,PÚBLICA,UdG,Integrat,Espayolas,HOME,Gironès,58,276,na,50
2023,doctorat,PÚBLICA,UdG,Integrat,Espayolas,HOME,Vallès Occidental,0,*,na,0
2023,doctorat,PÚBLICA,UdG,Integrat,Estrangers,DONA,Barcelonès,*,11,na,*
2023,doctorat,PÚBLICA,UdG,Integrat,Estrangers,DONA,Gironès,35,151,na,16
2023,doctorat,PÚBLICA,UdG,Integrat,Estrangers,HOME,Barcelonès,0,5,na,0
2023,doctorat,PÚBLICA,UdG,Integrat,Estrangers,HOME,Gironès,41,154,na,21
2023,doctorat,PÚBLICA,UdL,Integrat,Espayolas,DONA,Osona,9,31,na,*
2023,doctorat,PÚBLICA,UdL,Integrat,Espayolas,DONA,Segrià,60,293,na,49
2023,doctorat,PÚBLICA,UdL,Integrat,Espayolas,DONA,Tarragonès,*,*,na,*
2023,doctorat,PÚBLICA,UdL,Integrat,Espayolas,DONA,Vallès Occidental,0,*,na,0
2023,doctorat,PÚBLICA,UdL,Integrat,Espayolas,HOME,Osona,*,9,na,0
2023,doctorat,PÚBLICA,UdL,Integrat,Espayolas,HOME,Segrià,33,199,na,36
2023,doctorat,PÚBLICA,UdL,Integrat,Espayolas,HOME,Tarragonès,*,*,na,0
2023,doctorat,PÚBLICA,UdL,Integrat,Espayolas,HOME,Vallès Occidental,0,*,na,0
2023,doctorat,PÚBLICA,UdL,Integrat,Estrangers,DONA,Barcelonès,0,*,na,*
2023,doctorat,PÚBLICA,UdL,Integrat,Estrangers,DONA,Osona,0,*,na,*
2023,doctorat,PÚBLICA,UdL,Integrat,Estrangers,DONA,Segrià,26,108,na,15
2023,doctorat,PÚBLICA,UdL,Integrat,Estrangers,DONA,Tarragonès,0,*,na,0
2023,doctorat,PÚBLICA,UdL,Integrat,Estrangers,DONA,Vallès Occidental,*,*,na,0
2023,doctorat,PÚBLICA,UdL,Integrat,Estrangers,HOME,Barcelonès,0,*,na,0
2023,doctorat,PÚBLICA,UdL,Integrat,Estrangers,HOME,Osona,0,*,na,0
2023,doctorat,PÚBLICA,UdL,Integrat,Estrangers,HOME,Segrià,23,144,na,16
2023,doctorat,PÚBLICA,UdL,Integrat,Estrangers,HOME,Vallès Occidental,*,*,na,0
2023,doctorat,PÚBLICA,UPC,Integrat,Espayolas,DONA,Bages,*,8,na,*
2023,doctorat,PÚBLICA,UPC,Integrat,Espayolas,DONA,Baix Llobregat,0,*,na,*
2023,doctorat,PÚBLICA,UPC,Integrat,Espayolas,DONA,Barcelonès,65,264,na,39
2023,doctorat,PÚBLICA,UPC,Integrat,Espayolas,DONA,Vallès Occidental,5,24,na,6
2023,doctorat,PÚBLICA,UPC,Integrat,Espayolas,HOME,Bages,5,13,na,*
2023,doctorat,PÚBLICA,UPC,Integrat,Espayolas,HOME,Baix Llobregat,0,*,na,0
2023,doctorat,PÚBLICA,UPC,Integrat,Espayolas,HOME,Barcelonès,134,672,na,97
2023,doctorat,PÚBLICA,UPC,Integrat,Espayolas,HOME,Vallès Occidental,9,32,na,*
2023,doctorat,PÚBLICA,UPC,Integrat,Estrangers,DONA,Bages,*,11,na,*
2023,doctorat,PÚBLICA,UPC,Integrat,Estrangers,DONA,Baix Llobregat,*,7,na,*
2023,doctorat,PÚBLICA,UPC,Integrat,Estrangers,DONA,Barcelonès,91,359,na,48
2023,doctorat,PÚBLICA,UPC,Integrat,Estrangers,DONA,Vallès Occidental,*,7,na,*
2023,doctorat,PÚBLICA,UPC,Integrat,Estrangers,HOME,Bages,5,10,na,0
2023,doctorat,PÚBLICA,UPC,Integrat,Estrangers,HOME,Baix Llobregat,*,9,na,*
2023,doctorat,PÚBLICA,UPC,Integrat,Estrangers,HOME,Barcelonès,197,769,na,111
2023,doctorat,PÚBLICA,UPC,Integrat,Estrangers,HOME,Vallès Occidental,*,11,na,*
2023,doctorat,PÚBLICA,UPF,Integrat,Espayolas,DONA,Barcelonès,78,320,na,45
2023,doctorat,PÚBLICA,UPF,Integrat,Espayolas,HOME,Barcelonès,81,331,na,55
2023,doctorat,PÚBLICA,UPF,Integrat,Estrangers,DONA,Barcelonès,90,390,na,63
2023,doctorat,PÚBLICA,UPF,Integrat,Estrangers,HOME,Barcelonès,82,352,na,49
2023,doctorat,PÚBLICA,URV,Integrat,Espayolas,DONA,Baix Camp,22,101,na,11
2023,doctorat,PÚBLICA,URV,Integrat,Espayolas,DONA,Barcelonès,11,42,na,7
2023,doctorat,PÚBLICA,URV,Integrat,Espayolas,DONA,Tarragonès,61,277,na,38
2023,doctorat,PÚBLICA,URV,Integrat,Espayolas,DONA,Vallès Occidental,*,*,na,0
2023,doctorat,PÚBLICA,URV,Integrat,Espayolas,HOME,Baix Camp,10,54,na,6
2023,doctorat,PÚBLICA,URV,Integrat,Espayolas,HOME,Barcelonès,*,11,na,*
2023,doctorat,PÚBLICA,URV,Integrat,Espayolas,HOME,Tarragonès,48,290,na,47
2023,doctorat,PÚBLICA,URV,Integrat,Espayolas,HOME,Vallès Occidental,0,*,na,0
2023,doctorat,PÚBLICA,URV,Integrat,Estrangers,DONA,Baix Camp,12,38,na,*
2023,doctorat,PÚBLICA,URV,Integrat,Estrangers,DONA,Barcelonès,8,27,na,*
2023,doctorat,PÚBLICA,URV,Integrat,Estrangers,DONA,Tarragonès,66,265,na,27
2023,doctorat,PÚBLICA,URV,Integrat,Estrangers,HOME,Baix Camp,11,22,na,*
2023,doctorat,PÚBLICA,URV,Integrat,Estrangers,HOME,Barcelonès,0,10,na,*
2023,doctorat,PÚBLICA,URV,Integrat,Estrangers,HOME,Tarragonès,69,294,na,43
2023,doctorat,PÚBLICA,URV,Integrat,Estrangers,HOME,Vallès Occidental,0,*,na,0
2023,grau,PÚBLICA,UAB,Adscrit,Espayolas,DONA,Barcelonès,236,898,835.5,186
2023,grau,PÚBLICA,UAB,Adscrit,Espayolas,DONA,Vallès Occidental,530,1973,1887.7,426
2023,grau,PÚBLICA,UAB,Adscrit,Espayolas,HOME,Barcelonès,255,859,740.6,131
2023,grau,PÚBLICA,UAB,Adscrit,Espayolas,HOME,Vallès Occidental,279,1039,977.5,217
2023,grau,PÚBLICA,UAB,Adscrit,Estrangers,DONA,Barcelonès,16,61,56,5
2023,grau,PÚBLICA,UAB,Adscrit,Estrangers,DONA,Vallès Occidental,81,260,261.3,50
2023,grau,PÚBLICA,UAB,Adscrit,Estrangers,HOME,Barcelonès,14,39,35.4,*
2023,grau,PÚBLICA,UAB,Adscrit,Estrangers,HOME,Vallès Occidental,56,193,198.2,11
2023,grau,PÚBLICA,UAB,Integrat,Espayolas,DONA,Vallès Occidental,3911,15978,15083.4,3109
2023,grau,PÚBLICA,UAB,Integrat,Espayolas,HOME,Vallès Occidental,2498,10194,9596.5,1834
2023,grau,PÚBLICA,UAB,Integrat,Estrangers,DONA,Vallès Occidental,252,882,842.8,147
2023,grau,PÚBLICA,UAB,Integrat,Estrangers,HOME,Vallès Occidental,151,516,491.1,73
2023,grau,PÚBLICA,UB,Adscrit,Espayolas,DONA,Barcelonès,452,1668,1604.1,347
2023,grau,PÚBLICA,UB,Adscrit,Espayolas,DONA,Vallès Occidental,52,164,159.7,51
2023,grau,PÚBLICA,UB,Adscrit,Espayolas,DONA,Vallès Oriental,19,67,57.9,16
2023,grau,PÚBLICA,UB,Adscrit,Espayolas,HOME,Barcelonès,238,898,826,178
2023,grau,PÚBLICA,UB,Adscrit,Espayolas,HOME,Vallès Occidental,46,142,140.1,49
2023,grau,PÚBLICA,UB,Adscrit,Espayolas,HOME,Vallès Oriental,45,230,196.8,46
2023,grau,PÚBLICA,UB,Adscrit,Estrangers,DONA,Barcelonès,60,146,134.5,25
2023,grau,PÚBLICA,UB,Adscrit,Estrangers,DONA,Vallès Occidental,*,8,8,*
2023,grau,PÚBLICA,UB,Adscrit,Estrangers,DONA,Vallès Oriental,0,*,1.4,*
2023,grau,PÚBLICA,UB,Adscrit,Estrangers,HOME,Barcelonès,41,95,89.7,8
2023,grau,PÚBLICA,UB,Adscrit,Estrangers,HOME,Vallès Occidental,5,16,14.4,*
2023,grau,PÚBLICA,UB,Adscrit,Estrangers,HOME,Vallès Oriental,*,*,3.3,*
2023,grau,PÚBLICA,UB,Integrat,Espayolas,DONA,Barcelonès,5740,23663,21914.1,4461
2023,grau,PÚBLICA,UB,Integrat,Espayolas,HOME,Barcelonès,2946,12624,11445.9,2235
2023,grau,PÚBLICA,UB,Integrat,Estrangers,DONA,Barcelonès,442,1643,1531.4,237
2023,grau,PÚBLICA,UB,Integrat,Estrangers,HOME,Barcelonès,189,719,659,96
2023,grau,PÚBLICA,UdG,Adscrit,Espayolas,DONA,Barcelonès,100,424,394.4,106
2023,grau,PÚBLICA,UdG,Adscrit,Espayolas,DONA,Gironès,122,427,381.2,60
2023,grau,PÚBLICA,UdG,Adscrit,Espayolas,DONA,Maresme,7,28,27.6,6
2023,grau,PÚBLICA,UdG,Adscrit,Espayolas,HOME,Barcelonès,70,258,235.5,38
2023,grau,PÚBLICA,UdG,Adscrit,Espayolas,HOME,Gironès,142,528,486.3,86
2023,grau,PÚBLICA,UdG,Adscrit,Espayolas,HOME,Maresme,6,29,28.3,*
2023,grau,PÚBLICA,UdG,Adscrit,Estrangers,DONA,Barcelonès,17,52,49.3,9
2023,grau,PÚBLICA,UdG,Adscrit,Estrangers,DONA,Gironès,88,393,396.3,81
2023,grau,PÚBLICA,UdG,Adscrit,Estrangers,DONA,Maresme,11,30,31.5,*
2023,grau,PÚBLICA,UdG,Adscrit,Estrangers,HOME,Barcelonès,6,25,20.5,*
2023,grau,PÚBLICA,UdG,Adscrit,Estrangers,HOME,Gironès,103,378,368.4,81
2023,grau,PÚBLICA,UdG,Adscrit,Estrangers,HOME,Maresme,*,13,14.3,*
2023,grau,PÚBLICA,UdG,Integrat,Espayolas,DONA,Gironès,1561,6067,5743.6,1083
2023,grau,PÚBLICA,UdG,Integrat,Espayolas,HOME,Gironès,1113,4333,3950.1,657
2023,grau,PÚBLICA,UdG,Integrat,Estrangers,DONA,Gironès,88,365,332.2,51
2023,grau,PÚBLICA,UdG,Integrat,Estrangers,HOME,Gironès,65,239,212.6,21
2023,grau,PÚBLICA,UdL,Adscrit,Espayolas,DONA,Barcelonès,0,10,8.3,7
2023,grau,PÚBLICA,UdL,Adscrit,Espayolas,DONA,Segrià,50,201,188.6,31
2023,grau,PÚBLICA,UdL,Adscrit,Espayolas,HOME,Barcelonès,0,10,8.1,5
2023,grau,PÚBLICA,UdL,Adscrit,Espayolas,HOME,Segrià,132,459,428.9,58
2023,grau,PÚBLICA,UdL,Adscrit,Estrangers,DONA,Barcelonès,0,7,6.6,*
2023,grau,PÚBLICA,UdL,Adscrit,Estrangers,DONA,Segrià,5,12,11.3,*
2023,grau,PÚBLICA,UdL,Adscrit,Estrangers,HOME,Barcelonès,0,*,2.3,*
2023,grau,PÚBLICA,UdL,Adscrit,Estrangers,HOME,Segrià,5,18,15.7,*
2023,grau,PÚBLICA,UdL,Integrat,Espayolas,DONA,Segrià,1240,4900,4830.2,843
2023,grau,PÚBLICA,UdL,Integrat,Espayolas,HOME,Segrià,906,3427,3248.1,489
2023,grau,PÚBLICA,UdL,Integrat,Estrangers,DONA,Segrià,92,372,366.2,54
2023,grau,PÚBLICA,UdL,Integrat,Estrangers,HOME,Segrià,63,213,202.3,19
2023,grau,PÚBLICA,UPC,Adscrit,Espayolas,DONA,Barcelonès,155,637,559.3,90
2023,grau,PÚBLICA,UPC,Adscrit,Espayolas,DONA,Vallès Occidental,63,180,166.9,36
2023,grau,PÚBLICA,UPC,Adscrit,Espayolas,HOME,Barcelonès,277,1083,932.5,154
2023,grau,PÚBLICA,UPC,Adscrit,Espayolas,HOME,Vallès Occidental,83,362,329.7,69
2023,grau,PÚBLICA,UPC,Adscrit,Estrangers,DONA,Barcelonès,36,126,115.3,14
2023,grau,PÚBLICA,UPC,Adscrit,Estrangers,DONA,Vallès Occidental,*,15,13.7,*
2023,grau,PÚBLICA,UPC,Adscrit,Estrangers,HOME,Barcelonès,51,187,173.5,18
2023,grau,PÚBLICA,UPC,Adscrit,Estrangers,HOME,Vallès Occidental,5,22,19.9,5
2023,grau,PÚBLICA,UPC,Integrat,Espayolas,DONA,Bages,24,97,82.9,13
2023,grau,PÚBLICA,UPC,Integrat,Espayolas,DONA,Baix Llobregat,71,283,256.2,37
2023,grau,PÚBLICA,UPC,Integrat,Espayolas,DONA,Barcelonès,975,4036,3576.5,518
2023,grau,PÚBLICA,UPC,Integrat,Espayolas,DONA,Garraf,98,376,300.7,67
2023,grau,PÚBLICA,UPC,Integrat,Espayolas,DONA,Vallès Occidental,312,1243,1140.1,184
2023,grau,PÚBLICA,UPC,Integrat,Espayolas,HOME,Bages,239,838,707.2,114
2023,grau,PÚBLICA,UPC,Integrat,Espayolas,HOME,Baix Llobregat,184,862,759.7,129
2023,grau,PÚBLICA,UPC,Integrat,Espayolas,HOME,Barcelonès,2171,9327,8046.2,1387
2023,grau,PÚBLICA,UPC,Integrat,Espayolas,HOME,Garraf,277,1087,871,130
2023,grau,PÚBLICA,UPC,Integrat,Espayolas,HOME,Vallès Occidental,565,2451,2154.5,350
2023,grau,PÚBLICA,UPC,Integrat,Estrangers,DONA,Bages,6,13,11,0
2023,grau,PÚBLICA,UPC,Integrat,Estrangers,DONA,Baix Llobregat,6,18,14.2,*
2023,grau,PÚBLICA,UPC,Integrat,Estrangers,DONA,Barcelonès,78,357,300.4,33
2023,grau,PÚBLICA,UPC,Integrat,Estrangers,DONA,Garraf,*,21,17,5
2023,grau,PÚBLICA,UPC,Integrat,Estrangers,DONA,Vallès Occidental,19,68,55.9,*
2023,grau,PÚBLICA,UPC,Integrat,Estrangers,HOME,Bages,10,29,22.4,6
2023,grau,PÚBLICA,UPC,Integrat,Estrangers,HOME,Baix Llobregat,9,59,46.5,*
2023,grau,PÚBLICA,UPC,Integrat,Estrangers,HOME,Barcelonès,117,529,449,47
2023,grau,PÚBLICA,UPC,Integrat,Estrangers,HOME,Garraf,23,67,54.5,5
2023,grau,PÚBLICA,UPC,Integrat,Estrangers,HOME,Vallès Occidental,19,80,68.9,6
2023,grau,PÚBLICA,UPF,Adscrit,Espayolas,DONA,Barcelonès,85,485,466.3,217
2023,grau,PÚBLICA,UPF,Adscrit,Espayolas,DONA,Maresme,359,1353,1485.9,240
2023,grau,PÚBLICA,UPF,Adscrit,Espayolas,HOME,Barcelonès,9,150,130.6,93
2023,grau,PÚBLICA,UPF,Adscrit,Espayolas,HOME,Maresme,593,2208,2274.4,383
2023,grau,PÚBLICA,UPF,Adscrit,Estrangers,DONA,Barcelonès,*,10,10.2,9
2023,grau,PÚBLICA,UPF,Adscrit,Estrangers,DONA,Maresme,18,50,57.1,8
2023,grau,PÚBLICA,UPF,Adscrit,Estrangers,HOME,Barcelonès,0,8,6.9,6
2023,grau,PÚBLICA,UPF,Adscrit,Estrangers,HOME,Maresme,21,74,80.4,8
2023,grau,PÚBLICA,UPF,Integrat,Espayolas,DONA,Barcelonès,1487,5993,5903.2,1316
2023,grau,PÚBLICA,UPF,Integrat,Espayolas,HOME,Barcelonès,907,3624,3496.4,739
2023,grau,PÚBLICA,UPF,Integrat,Estrangers,DONA,Barcelonès,99,336,320.1,52
2023,grau,PÚBLICA,UPF,Integrat,Estrangers,HOME,Barcelonès,48,185,176.8,30
2023,grau,PÚBLICA,URV,Adscrit,Espayolas,DONA,Baix Camp,12,29,28.6,*
2023,grau,PÚBLICA,URV,Adscrit,Espayolas,DONA,Baix Ebre,22,60,57.9,13
2023,grau,PÚBLICA,URV,Adscrit,Espayolas,DONA,Barcelonès,63,225,213.6,39
2023,grau,PÚBLICA,URV,Adscrit,Espayolas,HOME,Baix Camp,29,133,119.9,23
2023,grau,PÚBLICA,URV,Adscrit,Espayolas,HOME,Baix Ebre,44,168,162.4,16
2023,grau,PÚBLICA,URV,Adscrit,Espayolas,HOME,Barcelonès,132,380,356.9,46
2023,grau,PÚBLICA,URV,Adscrit,Estrangers,DONA,Baix Camp,0,*,3.2,0
2023,grau,PÚBLICA,URV,Adscrit,Estrangers,DONA,Baix Ebre,21,91,93.8,16
2023,grau,PÚBLICA,URV,Adscrit,Estrangers,DONA,Barcelonès,11,43,39,6
2023,grau,PÚBLICA,URV,Adscrit,Estrangers,HOME,Baix Camp,0,*,1.2,0
2023,grau,PÚBLICA,URV,Adscrit,Estrangers,HOME,Baix Ebre,25,116,116.9,15
2023,grau,PÚBLICA,URV,Adscrit,Estrangers,HOME,Barcelonès,16,42,40.8,*
2023,grau,PÚBLICA,URV,Integrat,Espayolas,DONA,Baix Camp,404,1642,1582.3,259
2023,grau,PÚBLICA,URV,Integrat,Espayolas,DONA,Tarragonès,1422,5417,5182.7,1003
2023,grau,PÚBLICA,URV,Integrat,Espayolas,HOME,Baix Camp,326,1338,1257.6,187
2023,grau,PÚBLICA,URV,Integrat,Espayolas,HOME,Tarragonès,846,3417,3073.5,490
2023,grau,PÚBLICA,URV,Integrat,Estrangers,DONA,Baix Camp,43,167,150.8,19
2023,grau,PÚBLICA,URV,Integrat,Estrangers,DONA,Tarragonès,97,331,320.1,48
2023,grau,PÚBLICA,URV,Integrat,Estrangers,HOME,Baix Camp,26,90,83,5
2023,grau,PÚBLICA,URV,Integrat,Estrangers,HOME,Tarragonès,64,224,209,24
2023,màster universitari,PÚBLICA,UAB,Adscrit,Espayolas,DONA,Barcelonès,*,*,2.2,*
2023,màster universitari,PÚBLICA,UAB,Adscrit,Espayolas,DONA,Berguedà,12,12,10.2,8
2023,màster universitari,PÚBLICA,UAB,Adscrit,Espayolas,DONA,Vallès Occidental,119,175,149,124
2023,màster universitari,PÚBLICA,UAB,Adscrit,Espayolas,HOME,Barcelonès,*,*,1.7,*
2023,màster universitari,PÚBLICA,UAB,Adscrit,Espayolas,HOME,Berguedà,5,5,5,5
2023,màster universitari,PÚBLICA,UAB,Adscrit,Espayolas,HOME,Vallès Occidental,96,135,121,83
2023,màster universitari,PÚBLICA,UAB,Adscrit,Estrangers,DONA,Barcelonès,24,24,21.7,18
2023,màster universitari,PÚBLICA,UAB,Adscrit,Estrangers,DONA,Berguedà,*,*,1,*
2023,màster universitari,PÚBLICA,UAB,Adscrit,Estrangers,DONA,Vallès Occidental,163,215,176.3,159
2023,màster universitari,PÚBLICA,UAB,Adscrit,Estrangers,HOME,Barcelonès,20,20,17,6
2023,màster universitari,PÚBLICA,UAB,Adscrit,Estrangers,HOME,Berguedà,*,*,2,*
2023,màster universitari,PÚBLICA,UAB,Adscrit,Estrangers,HOME,Vallès Occidental,91,116,95.1,79
2023,màster universitari,PÚBLICA,UAB,Integrat,Espayolas,DONA,Vallès Occidental,993,1309,1069.5,902
2023,màster universitari,PÚBLICA,UAB,Integrat,Espayolas,HOME,Vallès Occidental,594,781,646.3,540
2023,màster universitari,PÚBLICA,UAB,Integrat,Estrangers,DONA,Vallès Occidental,563,697,571.7,473
2023,màster universitari,PÚBLICA,UAB,Integrat,Estrangers,HOME,Vallès Occidental,336,439,342,247
2023,màster universitari,PÚBLICA,UB,Adscrit,Espayolas,DONA,Barcelonès,45,63,48.3,40
2023,màster universitari,PÚBLICA,UB,Adscrit,Espayolas,DONA,Vallès Occidental,5,10,9.2,*
2023,màster universitari,PÚBLICA,UB,Adscrit,Espayolas,HOME,Barcelonès,45,61,49,48
2023,màster universitari,PÚBLICA,UB,Adscrit,Espayolas,HOME,Vallès Occidental,*,6,4.8,*
2023,màster universitari,PÚBLICA,UB,Adscrit,Estrangers,DONA,Barcelonès,146,193,153.6,157
2023,màster universitari,PÚBLICA,UB,Adscrit,Estrangers,DONA,Vallès Occidental,*,10,9.4,5
2023,màster universitari,PÚBLICA,UB,Adscrit,Estrangers,HOME,Barcelonès,87,108,92.9,76
2023,màster universitari,PÚBLICA,UB,Adscrit,Estrangers,HOME,Vallès Occidental,8,11,10.2,*
2023,màster universitari,PÚBLICA,UB,Integrat,Espayolas,DONA,Barcelonès,1470,2334,1693.3,1350
2023,màster universitari,PÚBLICA,UB,Integrat,Espayolas,HOME,Barcelonès,946,1427,1075.6,876
2023,màster universitari,PÚBLICA,UB,Integrat,Estrangers,DONA,Barcelonès,797,1184,920,661
2023,màster universitari,PÚBLICA,UB,Integrat,Estrangers,HOME,Barcelonès,445,656,517.8,373
2023,màster universitari,PÚBLICA,UdG,Adscrit,Espayolas,DONA,Gironès,7,8,6.3,7
2023,màster universitari,PÚBLICA,UdG,Adscrit,Espayolas,HOME,Gironès,18,19,17.6,16
2023,màster universitari,PÚBLICA,UdG,Integrat,Espayolas,DONA,Gironès,238,356,285.5,246
2023,màster universitari,PÚBLICA,UdG,Integrat,Espayolas,HOME,Gironès,184,252,215.8,174
2023,màster universitari,PÚBLICA,UdG,Integrat,Estrangers,DONA,Gironès,92,142,122.5,79
2023,màster universitari,PÚBLICA,UdG,Integrat,Estrangers,HOME,Gironès,89,136,119.9,61
2023,màster universitari,PÚBLICA,UdL,Adscrit,Espayolas,DONA,Barcelonès,*,*,4,*
2023,màster universitari,PÚBLICA,UdL,Adscrit,Espayolas,DONA,Fora de Catalunya,5,5,5,*
2023,màster universitari,PÚBLICA,UdL,Adscrit,Espayolas,DONA,Segrià,18,23,15.1,8
2023,màster universitari,PÚBLICA,UdL,Adscrit,Espayolas,HOME,Fora de Catalunya,*,*,3.1,*
2023,màster universitari,PÚBLICA,UdL,Adscrit,Espayolas,HOME,Segrià,45,55,36.2,23
2023,màster universitari,PÚBLICA,UdL,Adscrit,Estrangers,DONA,Barcelonès,42,42,42,32
2023,màster universitari,PÚBLICA,UdL,Adscrit,Estrangers,DONA,Fora de Catalunya,8,9,8.1,8
2023,màster universitari,PÚBLICA,UdL,Adscrit,Estrangers,DONA,Segrià,*,*,3.5,*
2023,màster universitari,PÚBLICA,UdL,Adscrit,Estrangers,HOME,Barcelonès,18,20,19.4,15
2023,màster universitari,PÚBLICA,UdL,Adscrit,Estrangers,HOME,Fora de Catalunya,*,*,3.1,*
2023,màster universitari,PÚBLICA,UdL,Adscrit,Estrangers,HOME,Segrià,12,14,9.5,5
2023,màster universitari,PÚBLICA,UdL,Integrat,Espayolas,DONA,Segrià,252,422,296,211
2023,màster universitari,PÚBLICA,UdL,Integrat,Espayolas,HOME,Segrià,253,427,309.4,191
2023,màster universitari,PÚBLICA,UdL,Integrat,Estrangers,DONA,Segrià,39,75,45.5,21
2023,màster universitari,PÚBLICA,UdL,Integrat,Estrangers,HOME,Segrià,59,87,64.2,30
2023,màster universitari,PÚBLICA,UPC,Adscrit,Espayolas,DONA,Barcelonès,27,28,27.8,28
2023,màster universitari,PÚBLICA,UPC,Adscrit,Espayolas,HOME,Barcelonès,29,29,29.2,29
2023,màster universitari,PÚBLICA,UPC,Adscrit,Estrangers,DONA,Barcelonès,427,444,443.6,426
2023,màster universitari,PÚBLICA,UPC,Adscrit,Estrangers,HOME,Barcelonès,279,287,289.9,266
2023,màster universitari,PÚBLICA,UPC,Integrat,Espayolas,DONA,Bages,*,9,4.2,*
2023,màster universitari,PÚBLICA,UPC,Integrat,Espayolas,DONA,Baix Llobregat,6,7,5.9,6
2023,màster universitari,PÚBLICA,UPC,Integrat,Espayolas,DONA,Barcelonès,392,764,564.2,329
2023,màster universitari,PÚBLICA,UPC,Integrat,Espayolas,DONA,Garraf,*,*,0.3,0
2023,màster universitari,PÚBLICA,UPC,Integrat,Espayolas,DONA,Vallès Occidental,139,260,197.8,128
2023,màster universitari,PÚBLICA,UPC,Integrat,Espayolas,HOME,Bages,*,15,7.4,9
2023,màster universitari,PÚBLICA,UPC,Integrat,Espayolas,HOME,Baix Llobregat,10,16,8.7,8
2023,màster universitari,PÚBLICA,UPC,Integrat,Espayolas,HOME,Barcelonès,883,1953,1379.9,789
2023,màster universitari,PÚBLICA,UPC,Integrat,Espayolas,HOME,Garraf,*,12,6.8,*
2023,màster universitari,PÚBLICA,UPC,Integrat,Espayolas,HOME,Vallès Occidental,279,671,451.8,215
2023,màster universitari,PÚBLICA,UPC,Integrat,Estrangers,DONA,Bages,*,9,4.2,*
2023,màster universitari,PÚBLICA,UPC,Integrat,Estrangers,DONA,Baix Llobregat,*,10,4.4,*
2023,màster universitari,PÚBLICA,UPC,Integrat,Estrangers,DONA,Barcelonès,287,521,368.2,230
2023,màster universitari,PÚBLICA,UPC,Integrat,Estrangers,DONA,Garraf,*,*,2.7,*
2023,màster universitari,PÚBLICA,UPC,Integrat,Estrangers,DONA,Vallès Occidental,28,43,31.4,26
2023,màster universitari,PÚBLICA,UPC,Integrat,Estrangers,HOME,Bages,6,12,5.6,6
2023,màster universitari,PÚBLICA,UPC,Integrat,Estrangers,HOME,Baix Llobregat,17,23,11.5,5
2023,màster universitari,PÚBLICA,UPC,Integrat,Estrangers,HOME,Barcelonès,486,866,619.9,325
2023,màster universitari,PÚBLICA,UPC,Integrat,Estrangers,HOME,Garraf,11,24,17.5,10
2023,màster universitari,PÚBLICA,UPC,Integrat,Estrangers,HOME,Vallès Occidental,35,66,45.7,31
2023,màster universitari,PÚBLICA,UPF,Adscrit,Espayolas,DONA,Barcelonès,389,689,477.7,355
2023,màster universitari,PÚBLICA,UPF,Adscrit,Espayolas,DONA,Maresme,15,15,10.5,6
2023,màster universitari,PÚBLICA,UPF,Adscrit,Espayolas,HOME,Barcelonès,333,542,367.5,280
2023,màster universitari,PÚBLICA,UPF,Adscrit,Espayolas,HOME,Maresme,11,11,10.4,10
2023,màster universitari,PÚBLICA,UPF,Adscrit,Estrangers,DONA,Barcelonès,520,784,566,432
2023,màster universitari,PÚBLICA,UPF,Adscrit,Estrangers,DONA,Maresme,43,49,41.1,38
2023,màster universitari,PÚBLICA,UPF,Adscrit,Estrangers,HOME,Barcelonès,466,696,511.4,394
2023,màster universitari,PÚBLICA,UPF,Adscrit,Estrangers,HOME,Maresme,19,24,19.5,23
2023,màster universitari,PÚBLICA,UPF,Integrat,Espayolas,DONA,Barcelonès,290,465,365.7,351
2023,màster universitari,PÚBLICA,UPF,Integrat,Espayolas,HOME,Barcelonès,172,270,207.8,178
2023,màster universitari,PÚBLICA,UPF,Integrat,Estrangers,DONA,Barcelonès,347,410,364.8,292
2023,màster universitari,PÚBLICA,UPF,Integrat,Estrangers,HOME,Barcelonès,201,238,208.9,154
2023,màster universitari,PÚBLICA,URV,Adscrit,Estrangers,DONA,Barcelonès,*,*,1,*
2023,màster universitari,PÚBLICA,URV,Adscrit,Estrangers,HOME,Barcelonès,23,23,23,23
2023,màster universitari,PÚBLICA,URV,Integrat,Espayolas,DONA,Baix Camp,45,63,47.1,34
2023,màster universitari,PÚBLICA,URV,Integrat,Espayolas,DONA,Tarragonès,499,822,578,445
2023,màster universitari,PÚBLICA,URV,Integrat,Espayolas,HOME,Baix Camp,16,26,15.9,14
2023,màster universitari,PÚBLICA,URV,Integrat,Espayolas,HOME,Tarragonès,359,630,425.8,265
2023,màster universitari,PÚBLICA,URV,Integrat,Estrangers,DONA,Baix Camp,28,34,25.1,14
2023,màster universitari,PÚBLICA,URV,Integrat,Estrangers,DONA,Tarragonès,175,278,216.6,144
2023,màster universitari,PÚBLICA,URV,Integrat,Estrangers,HOME,Baix Camp,23,32,22.8,18
2023,màster universitari,PÚBLICA,URV,Integrat,Estrangers,HOME,Tarragonès,141,243,171.7,84
2023,doctorat,PÚBLICA,Total,Total,Total,Total,Total,3797,17013,na,2358
2023,grau,PÚBLICA,Total,Total,Total,Total,Total,37666,151047,140527.3,26494
2023,màster universitari,PÚBLICA,Total,Total,Total,Total,Total,15893,24527,18653.7,13824
